legacy_asset_id,asset_id,canonical_entity_id,role,variant,state,version_no,lifecycle,canonical_filename,storage_uri,sha256,migration_status
CHAR_BLACK_LADY_BACK_FULL_BODY,AST_IMG_000001,CHAR_BLACK_LADY,BODY_BACK,DEFAULT,DEFAULT,1,CURRENT,CHAR_BLACK_LADY_BODY_BACK_DEFAULT_DEFAULT_V001.png,production/image_library/character_references/black_lady/CHAR_BLACK_LADY_BODY_BACK_DEFAULT_DEFAULT_V001.png,1a9d6f7ca29da71a8ee8ced7c9d6acfb8883195fac03e6838ab9ced9d665e545,MIGRATED
CHAR_BLACK_LADY_FRONT_FULL_BODY,AST_IMG_000002,CHAR_BLACK_LADY,BODY_FRONT,DEFAULT,DEFAULT,1,CURRENT,CHAR_BLACK_LADY_BODY_FRONT_DEFAULT_DEFAULT_V001.png,production/image_library/character_references/black_lady/CHAR_BLACK_LADY_BODY_FRONT_DEFAULT_DEFAULT_V001.png,52f8172ccbf3b37f04f3b303e48070fa0189d70b558c6e1dfad582e382c28f87,MIGRATED
CHAR_BLACK_LADY_FRONT_BUST_FACE_MASTER,AST_IMG_000003,CHAR_BLACK_LADY,FACE_FRONT,DEFAULT,DEFAULT,1,CURRENT,CHAR_BLACK_LADY_FACE_FRONT_DEFAULT_DEFAULT_V001.png,production/image_library/character_references/black_lady/CHAR_BLACK_LADY_FACE_FRONT_DEFAULT_DEFAULT_V001.png,d60b27bccb394b2452a58a21bfc9a2ff8cc9a64bc53c98e3bf5ef35f77b66f18,MIGRATED
CHAR_CASTLE_YOUNG_MASTER_BACK_FULL_BODY,AST_IMG_000004,CHAR_CASTLE_YOUNG_MASTER,BODY_BACK,DEFAULT,DEFAULT,1,CURRENT,CHAR_CASTLE_YOUNG_MASTER_BODY_BACK_DEFAULT_DEFAULT_V001.png,production/image_library/character_references/castle_young_master/CHAR_CASTLE_YOUNG_MASTER_BODY_BACK_DEFAULT_DEFAULT_V001.png,0a3811487139fee8f1ef8a5fed26adbb8bb906de9125ea72f9045f7f2683a8cc,MIGRATED
CHAR_CASTLE_YOUNG_MASTER_FRONT_FULL_BODY,AST_IMG_000005,CHAR_CASTLE_YOUNG_MASTER,BODY_FRONT,DEFAULT,DEFAULT,1,CURRENT,CHAR_CASTLE_YOUNG_MASTER_BODY_FRONT_DEFAULT_DEFAULT_V001.png,production/image_library/character_references/castle_young_master/CHAR_CASTLE_YOUNG_MASTER_BODY_FRONT_DEFAULT_DEFAULT_V001.png,7528157a9b00c4ec0b62145168791ee228fa1a126372ff67cf7981cad802f48a,MIGRATED
CHAR_CASTLE_YOUNG_MASTER_THREE_QUARTER_HALF_BODY,AST_IMG_000006,CHAR_CASTLE_YOUNG_MASTER,FACE_3Q_LEFT,DEFAULT,DEFAULT,1,CURRENT,CHAR_CASTLE_YOUNG_MASTER_FACE_3Q_LEFT_DEFAULT_DEFAULT_V001.png,production/image_library/character_references/castle_young_master/CHAR_CASTLE_YOUNG_MASTER_FACE_3Q_LEFT_DEFAULT_DEFAULT_V001.png,bcbde25f81f881f89bc3d2b37dae460ecc995588c2d25fd198f8b03b5e801d9e,MIGRATED
CHAR_CASTLE_YOUNG_MASTER_FRONT_BUST_FACE_MASTER,AST_IMG_000007,CHAR_CASTLE_YOUNG_MASTER,FACE_FRONT,DEFAULT,DEFAULT,1,CURRENT,CHAR_CASTLE_YOUNG_MASTER_FACE_FRONT_DEFAULT_DEFAULT_V001.png,production/image_library/character_references/castle_young_master/CHAR_CASTLE_YOUNG_MASTER_FACE_FRONT_DEFAULT_DEFAULT_V001.png,1b3ececacac2e58b451386cbc9bdb05a4621ce0d1c6c6cf26439aece707f0fb7,MIGRATED
CHAR_GUANG_YONG_BACK_FULL_BODY,AST_IMG_000008,CHAR_GUANG_YONG,BODY_BACK,DEFAULT,DEFAULT,1,CURRENT,CHAR_GUANG_YONG_BODY_BACK_DEFAULT_DEFAULT_V001.png,production/image_library/character_references/guang_yong/CHAR_GUANG_YONG_BODY_BACK_DEFAULT_DEFAULT_V001.png,63034c8deabef693321e5a3eadb4ffdbfdf69378527767d31852fd4ae45b621b,MIGRATED
CHAR_GUANG_YONG_FRONT_FULL_BODY,AST_IMG_000009,CHAR_GUANG_YONG,BODY_FRONT,DEFAULT,DEFAULT,1,CURRENT,CHAR_GUANG_YONG_BODY_FRONT_DEFAULT_DEFAULT_V001.png,production/image_library/character_references/guang_yong/CHAR_GUANG_YONG_BODY_FRONT_DEFAULT_DEFAULT_V001.png,60005a45f2c89bceb463183c9fa4acee2b6ad0eebabadf8b825bc5e877b85b6e,MIGRATED
CHAR_GUANG_YONG_THREE_QUARTER_HALF_BODY,AST_IMG_000010,CHAR_GUANG_YONG,FACE_3Q_RIGHT,DEFAULT,DEFAULT,1,CURRENT,CHAR_GUANG_YONG_FACE_3Q_RIGHT_DEFAULT_DEFAULT_V001.png,production/image_library/character_references/guang_yong/CHAR_GUANG_YONG_FACE_3Q_RIGHT_DEFAULT_DEFAULT_V001.png,ee8f6e72345046f2c96376d932565533fd3c3c4a96035458dd768083a639ab4b,MIGRATED
CHAR_GUANG_YONG_FRONT_BUST_FACE_MASTER,AST_IMG_000011,CHAR_GUANG_YONG,FACE_FRONT,DEFAULT,DEFAULT,1,CURRENT,CHAR_GUANG_YONG_FACE_FRONT_DEFAULT_DEFAULT_V001.png,production/image_library/character_references/guang_yong/CHAR_GUANG_YONG_FACE_FRONT_DEFAULT_DEFAULT_V001.png,7f88a3f8d68dbfea0058ff0379d0164380722d96ae1774364bcd8b79367ad6f5,MIGRATED
CHAR_GUANG_YONG_PROFILE_RIGHT_AUX,AST_IMG_000012,CHAR_GUANG_YONG,PROFILE_RIGHT,DEFAULT,DEFAULT,1,CURRENT,CHAR_GUANG_YONG_PROFILE_RIGHT_DEFAULT_DEFAULT_V001.png,production/image_library/character_references/guang_yong/CHAR_GUANG_YONG_PROFILE_RIGHT_DEFAULT_DEFAULT_V001.png,1416a345a6f0a01d2145df746dc697e3e53cc29f450a4172e94e28492f9c8e4b,MIGRATED
CHAR_GUANG_YONG_REAR_THREE_QUARTER_AUX,AST_IMG_000013,CHAR_GUANG_YONG,REAR_3Q_RIGHT,DEFAULT,DEFAULT,1,CURRENT,CHAR_GUANG_YONG_REAR_3Q_RIGHT_DEFAULT_DEFAULT_V001.png,production/image_library/character_references/guang_yong/CHAR_GUANG_YONG_REAR_3Q_RIGHT_DEFAULT_DEFAULT_V001.png,848d350468f67704d932fbdfe030201dbd815b333db22e874864cd82f9755f60,MIGRATED
CHAR_JUN_LUYUAN_BACK_FULL_BODY,AST_IMG_000014,CHAR_JUN_LUYUAN,BODY_BACK,DEFAULT,DEFAULT,1,CURRENT,CHAR_JUN_LUYUAN_BODY_BACK_DEFAULT_DEFAULT_V001.png,production/image_library/character_references/jun_luyuan/CHAR_JUN_LUYUAN_BODY_BACK_DEFAULT_DEFAULT_V001.png,ee9090dd2d4df72aed2ae81cb2047ebffc11cadc39982a98640954d1bad7fe37,MIGRATED
CHAR_JUN_LUYUAN_FRONT_FULL_BODY,AST_IMG_000015,CHAR_JUN_LUYUAN,BODY_FRONT,DEFAULT,DEFAULT,1,CURRENT,CHAR_JUN_LUYUAN_BODY_FRONT_DEFAULT_DEFAULT_V001.png,production/image_library/character_references/jun_luyuan/CHAR_JUN_LUYUAN_BODY_FRONT_DEFAULT_DEFAULT_V001.png,f9960466266f08d79fde32435f542bd47ed0f8ab26af99bbb2928bd8d3957e92,MIGRATED
CHAR_JUN_LUYUAN_THREE_QUARTER_HALF_BODY,AST_IMG_000016,CHAR_JUN_LUYUAN,FACE_3Q_RIGHT,DEFAULT,DEFAULT,1,CURRENT,CHAR_JUN_LUYUAN_FACE_3Q_RIGHT_DEFAULT_DEFAULT_V001.png,production/image_library/character_references/jun_luyuan/CHAR_JUN_LUYUAN_FACE_3Q_RIGHT_DEFAULT_DEFAULT_V001.png,f9ddbb18d4b548bf4887d09d1e0a9eba8be2dde7d61275a8c09a1a5d639f9929,MIGRATED
CHAR_JUN_LUYUAN_FRONT_BUST_FACE_MASTER,AST_IMG_000017,CHAR_JUN_LUYUAN,FACE_FRONT,DEFAULT,DEFAULT,1,CURRENT,CHAR_JUN_LUYUAN_FACE_FRONT_DEFAULT_DEFAULT_V001.png,production/image_library/character_references/jun_luyuan/CHAR_JUN_LUYUAN_FACE_FRONT_DEFAULT_DEFAULT_V001.png,7bf1f211743fb9f071d427c1404ea04dfd71c3804b5b526c2dca8b258ed4b96f,MIGRATED
CHAR_JUN_LUYUAN_PROFILE_RIGHT_AUX,AST_IMG_000018,CHAR_JUN_LUYUAN,PROFILE_RIGHT,DEFAULT,DEFAULT,1,CURRENT,CHAR_JUN_LUYUAN_PROFILE_RIGHT_DEFAULT_DEFAULT_V001.png,production/image_library/character_references/jun_luyuan/CHAR_JUN_LUYUAN_PROFILE_RIGHT_DEFAULT_DEFAULT_V001.png,7a04169daed3034ed9d37a508670dce995d2dc2cb75a11148006f9e821321c92,MIGRATED
CHAR_JUN_LUYUAN_REAR_THREE_QUARTER_AUX,AST_IMG_000019,CHAR_JUN_LUYUAN,REAR_3Q_RIGHT,DEFAULT,DEFAULT,1,CURRENT,CHAR_JUN_LUYUAN_REAR_3Q_RIGHT_DEFAULT_DEFAULT_V001.png,production/image_library/character_references/jun_luyuan/CHAR_JUN_LUYUAN_REAR_3Q_RIGHT_DEFAULT_DEFAULT_V001.png,56d0ad057e61807d1aaaa5340c22d520ccf4a8b89bb1fe676e1e38e9c629eb0f,MIGRATED
CHAR_JUN_LUYUAN_FRONT_THREE_QUARTER_BODY,AST_IMG_000020,CHAR_JUN_LUYUAN,STRUCTURE_FRONT_3Q_BODY_RIGHT,DEFAULT,DEFAULT,1,CURRENT,CHAR_JUN_LUYUAN_STRUCTURE_FRONT_3Q_BODY_RIGHT_DEFAULT_DEFAULT_V001.png,production/image_library/character_references/jun_luyuan/CHAR_JUN_LUYUAN_STRUCTURE_FRONT_3Q_BODY_RIGHT_DEFAULT_DEFAULT_V001.png,e53c8dfe415b72b6b0a3843fd6a37f05b571af6aaa44ed6b9d227c027d933557,MIGRATED
CHAR_LIAO_JIAN_BACK_FULL_BODY,AST_IMG_000021,CHAR_LIAO_JIAN,BODY_BACK,DEFAULT,DEFAULT,1,CURRENT,CHAR_LIAO_JIAN_BODY_BACK_DEFAULT_DEFAULT_V001.png,production/image_library/character_references/liao_jian/CHAR_LIAO_JIAN_BODY_BACK_DEFAULT_DEFAULT_V001.png,a3e089530f5371bc4bedadd14425af78a7381a9c1a3c402a6fc8c8c46d91c3a7,MIGRATED
CHAR_LIAO_JIAN_FRONT_FULL_BODY,AST_IMG_000022,CHAR_LIAO_JIAN,BODY_FRONT,DEFAULT,DEFAULT,1,CURRENT,CHAR_LIAO_JIAN_BODY_FRONT_DEFAULT_DEFAULT_V001.png,production/image_library/character_references/liao_jian/CHAR_LIAO_JIAN_BODY_FRONT_DEFAULT_DEFAULT_V001.png,5af9e7fccfe332b096147c2623ff9b17676b5d3b65dcc21dfee49f2958761acc,MIGRATED
CHAR_LIAO_JIAN_THREE_QUARTER_HALF_BODY,AST_IMG_000023,CHAR_LIAO_JIAN,FACE_3Q_LEFT,DEFAULT,DEFAULT,1,CURRENT,CHAR_LIAO_JIAN_FACE_3Q_LEFT_DEFAULT_DEFAULT_V001.png,production/image_library/character_references/liao_jian/CHAR_LIAO_JIAN_FACE_3Q_LEFT_DEFAULT_DEFAULT_V001.png,935fa830c88ef76fbe286e96caff613e2bf8cfee7a2f23d81fa65056669f7e49,MIGRATED
CHAR_LIAO_JIAN_FRONT_BUST_FACE_MASTER,AST_IMG_000024,CHAR_LIAO_JIAN,FACE_FRONT,DEFAULT,DEFAULT,1,CURRENT,CHAR_LIAO_JIAN_FACE_FRONT_DEFAULT_DEFAULT_V001.png,production/image_library/character_references/liao_jian/CHAR_LIAO_JIAN_FACE_FRONT_DEFAULT_DEFAULT_V001.png,48d991f780c620d2090f6334e61c7b580e83b433f593b4ad0f3445f7139b9540,MIGRATED
CHAR_NEIL_BACK_FULL_BODY,AST_IMG_000025,CHAR_NEIL,BODY_BACK,DEFAULT,DEFAULT,1,CURRENT,CHAR_NEIL_BODY_BACK_DEFAULT_DEFAULT_V001.png,production/image_library/character_references/neil/CHAR_NEIL_BODY_BACK_DEFAULT_DEFAULT_V001.png,cba43e22ca16a538a197a877fea81bb5086a12caf2a8be11090aa00d6f285060,MIGRATED
CHAR_NEIL_FRONT_FULL_BODY,AST_IMG_000026,CHAR_NEIL,BODY_FRONT,DEFAULT,DEFAULT,1,CURRENT,CHAR_NEIL_BODY_FRONT_DEFAULT_DEFAULT_V001.png,production/image_library/character_references/neil/CHAR_NEIL_BODY_FRONT_DEFAULT_DEFAULT_V001.png,f78ccfc252d2ed0cb31117ce1dae4c84893c5e52611a27fac161c8e6d014cf3d,MIGRATED
CHAR_NEIL_THREE_QUARTER_HALF_BODY,AST_IMG_000027,CHAR_NEIL,FACE_3Q_LEFT,DEFAULT,DEFAULT,1,CURRENT,CHAR_NEIL_FACE_3Q_LEFT_DEFAULT_DEFAULT_V001.png,production/image_library/character_references/neil/CHAR_NEIL_FACE_3Q_LEFT_DEFAULT_DEFAULT_V001.png,252f18eff4511a6b1255c751448a7fb667ad68ea2f9ebae49824ce3f453ea037,MIGRATED
CHAR_NEIL_FRONT_BUST_FACE_MASTER,AST_IMG_000028,CHAR_NEIL,FACE_FRONT,DEFAULT,DEFAULT,1,CURRENT,CHAR_NEIL_FACE_FRONT_DEFAULT_DEFAULT_V001.png,production/image_library/character_references/neil/CHAR_NEIL_FACE_FRONT_DEFAULT_DEFAULT_V001.png,e75f0cba8f48d948069b978d86d46e96f7f5f0abd7a40341a5f92e006cb18939,MIGRATED
CHAR_NEIL_PROFILE_LEFT_AUX,AST_IMG_000029,CHAR_NEIL,PROFILE_LEFT,DEFAULT,DEFAULT,1,CURRENT,CHAR_NEIL_PROFILE_LEFT_DEFAULT_DEFAULT_V001.png,production/image_library/character_references/neil/CHAR_NEIL_PROFILE_LEFT_DEFAULT_DEFAULT_V001.png,22a1cd4d9373a2a70c89c7a2acc9b88e580d52a70de80002ec2dd9a13f044c85,MIGRATED
CHAR_NEIL_REAR_THREE_QUARTER_AUX,AST_IMG_000030,CHAR_NEIL,REAR_3Q_LEFT,DEFAULT,DEFAULT,1,CURRENT,CHAR_NEIL_REAR_3Q_LEFT_DEFAULT_DEFAULT_V001.png,production/image_library/character_references/neil/CHAR_NEIL_REAR_3Q_LEFT_DEFAULT_DEFAULT_V001.png,2b87e618ee39702e2270beb3695b166f6f70c56b7bea85032897fae986c49317,MIGRATED
CHAR_NING_QIUSHUI_BACK_FULL_BODY,AST_IMG_000031,CHAR_NING_QIUSHUI,BODY_BACK,DEFAULT,DEFAULT,1,CURRENT,CHAR_NING_QIUSHUI_BODY_BACK_DEFAULT_DEFAULT_V001.png,production/image_library/character_references/ning_qiushui/CHAR_NING_QIUSHUI_BODY_BACK_DEFAULT_DEFAULT_V001.png,8d33c4e9143dd34733d4d9dfa6a520d9efc74c51f724974a13f909c4172868b5,MIGRATED
CHAR_NING_QIUSHUI_FRONT_FULL_BODY,AST_IMG_000032,CHAR_NING_QIUSHUI,BODY_FRONT,DEFAULT,DEFAULT,1,CURRENT,CHAR_NING_QIUSHUI_BODY_FRONT_DEFAULT_DEFAULT_V001.png,production/image_library/character_references/ning_qiushui/CHAR_NING_QIUSHUI_BODY_FRONT_DEFAULT_DEFAULT_V001.png,c1c63f7d2548035da30133a45bc2e051093289494e672fe930e20104a48e8117,MIGRATED
CHAR_NING_QIUSHUI_FRONT_THREE_QUARTER_AUX,AST_IMG_000033,CHAR_NING_QIUSHUI,FACE_3Q_RIGHT,DEFAULT,DEFAULT,1,CURRENT,CHAR_NING_QIUSHUI_FACE_3Q_RIGHT_DEFAULT_DEFAULT_V001.png,production/image_library/character_references/ning_qiushui/CHAR_NING_QIUSHUI_FACE_3Q_RIGHT_DEFAULT_DEFAULT_V001.png,7d2292494ab010b324e608f792912fd2d49766318e279bbe22170445464a5c1e,MIGRATED
CHAR_NING_QIUSHUI_FRONT_BUST_FACE_MASTER,AST_IMG_000034,CHAR_NING_QIUSHUI,FACE_FRONT,DEFAULT,DEFAULT,1,CURRENT,CHAR_NING_QIUSHUI_FACE_FRONT_DEFAULT_DEFAULT_V001.png,production/image_library/character_references/ning_qiushui/CHAR_NING_QIUSHUI_FACE_FRONT_DEFAULT_DEFAULT_V001.png,5d62423ef9f1abcd349a3736079c77f3f56416cade8991a966fd925e5817ec8c,MIGRATED
CHAR_NING_QIUSHUI_PROFILE_RIGHT_AUX,AST_IMG_000035,CHAR_NING_QIUSHUI,PROFILE_RIGHT,DEFAULT,DEFAULT,1,CURRENT,CHAR_NING_QIUSHUI_PROFILE_RIGHT_DEFAULT_DEFAULT_V001.png,production/image_library/character_references/ning_qiushui/CHAR_NING_QIUSHUI_PROFILE_RIGHT_DEFAULT_DEFAULT_V001.png,65e66604b1f82e87f5f4d096bbd03cb0c48ca8b5b09cd1fa50b938afb3b16d14,MIGRATED
CHAR_NING_QIUSHUI_REAR_THREE_QUARTER_AUX,AST_IMG_000036,CHAR_NING_QIUSHUI,REAR_3Q_RIGHT,DEFAULT,DEFAULT,1,SUPERSEDED,CHAR_NING_QIUSHUI_REAR_3Q_RIGHT_DEFAULT_DEFAULT_V001.png,production/image_library/character_references/ning_qiushui/CHAR_NING_QIUSHUI_REAR_3Q_RIGHT_DEFAULT_DEFAULT_V001.png,c0f948a2b693025aae3c81a30439284ca8df961d2a10db457e36c36de1dac5a3,MIGRATED
CHAR_NING_QIUSHUI_REAR_THREE_QUARTER_AUX_V002,AST_IMG_000037,CHAR_NING_QIUSHUI,REAR_3Q_RIGHT,DEFAULT,DEFAULT,2,CURRENT,CHAR_NING_QIUSHUI_REAR_3Q_RIGHT_DEFAULT_DEFAULT_V002.png,production/image_library/character_references/ning_qiushui/CHAR_NING_QIUSHUI_REAR_3Q_RIGHT_DEFAULT_DEFAULT_V002.png,c56e30657c65942899caa1f5e36e21f8f835a5835325fa68c70b64d754fa70d2,MIGRATED
CHAR_NING_QIUSHUI_REAR_PARTIAL_PROFILE_AUX,AST_IMG_000038,CHAR_NING_QIUSHUI,REAR_3Q_RIGHT,PROFILE_REVEAL,DEFAULT,1,CURRENT,CHAR_NING_QIUSHUI_REAR_3Q_RIGHT_PROFILE_REVEAL_DEFAULT_V001.png,production/image_library/character_references/ning_qiushui/CHAR_NING_QIUSHUI_REAR_3Q_RIGHT_PROFILE_REVEAL_DEFAULT_V001.png,c876e411913a3682fdeb519fa9bf81ebc4712c3ea22429e816b5b88e1aef1145,MIGRATED
CHAR_NING_QIUSHUI_FRONT_THREE_QUARTER_BODY_SUPPLEMENTARY,AST_IMG_000039,CHAR_NING_QIUSHUI,STRUCTURE_FRONT_3Q_BODY_RIGHT,DEFAULT,DEFAULT,1,CURRENT,CHAR_NING_QIUSHUI_STRUCTURE_FRONT_3Q_BODY_RIGHT_DEFAULT_DEFAULT_V001.png,production/image_library/character_references/ning_qiushui/CHAR_NING_QIUSHUI_STRUCTURE_FRONT_3Q_BODY_RIGHT_DEFAULT_DEFAULT_V001.png,102edadb2c6f81eb79be9e1bbcff7e668d167ca44246601f4083b7c77ab5a0c2,MIGRATED
CHAR_NING_QIUSHUI_THREE_QUARTER_HALF_BODY,AST_IMG_000040,CHAR_NING_QIUSHUI,UPPER_BODY_3Q_RIGHT,DEFAULT,DEFAULT,1,CURRENT,CHAR_NING_QIUSHUI_UPPER_BODY_3Q_RIGHT_DEFAULT_DEFAULT_V001.png,production/image_library/character_references/ning_qiushui/CHAR_NING_QIUSHUI_UPPER_BODY_3Q_RIGHT_DEFAULT_DEFAULT_V001.png,158501e3546f5b22f1aafac179422e112eda4e8ae6ce90272e92fcbd596d532b,MIGRATED
CHAR_SU_XIAOXIAO_BACK_FULL_BODY,AST_IMG_000041,CHAR_SU_XIAOXIAO,BODY_BACK,DEFAULT,DEFAULT,1,CURRENT,CHAR_SU_XIAOXIAO_BODY_BACK_DEFAULT_DEFAULT_V001.png,production/image_library/character_references/su_xiaoxiao/CHAR_SU_XIAOXIAO_BODY_BACK_DEFAULT_DEFAULT_V001.png,16e517049a7ffa1cddec1d576f7be587c438f9ef6af67f27145fb8536568a6b6,MIGRATED
CHAR_SU_XIAOXIAO_FRONT_FULL_BODY,AST_IMG_000042,CHAR_SU_XIAOXIAO,BODY_FRONT,DEFAULT,DEFAULT,1,CURRENT,CHAR_SU_XIAOXIAO_BODY_FRONT_DEFAULT_DEFAULT_V001.png,production/image_library/character_references/su_xiaoxiao/CHAR_SU_XIAOXIAO_BODY_FRONT_DEFAULT_DEFAULT_V001.png,2d734e6a1a47077c75b448af520d5570ac18af25d3775cb41140ed3032b2ce5a,MIGRATED
CHAR_SU_XIAOXIAO_THREE_QUARTER_HALF_BODY,AST_IMG_000043,CHAR_SU_XIAOXIAO,FACE_3Q_LEFT,DEFAULT,DEFAULT,1,CURRENT,CHAR_SU_XIAOXIAO_FACE_3Q_LEFT_DEFAULT_DEFAULT_V001.png,production/image_library/character_references/su_xiaoxiao/CHAR_SU_XIAOXIAO_FACE_3Q_LEFT_DEFAULT_DEFAULT_V001.png,dbeecd9656cdeba342717f15f7a07b53f6fb39331ed9d15a4d4cad907eb26b25,MIGRATED
CHAR_SU_XIAOXIAO_FRONT_BUST_FACE_MASTER,AST_IMG_000044,CHAR_SU_XIAOXIAO,FACE_FRONT,DEFAULT,DEFAULT,1,CURRENT,CHAR_SU_XIAOXIAO_FACE_FRONT_DEFAULT_DEFAULT_V001.png,production/image_library/character_references/su_xiaoxiao/CHAR_SU_XIAOXIAO_FACE_FRONT_DEFAULT_DEFAULT_V001.png,1ecf8d82a1346b08da5a5530d39a1492e14427439b3630facf436369f1e59403,MIGRATED
CHAR_WEN_QINGYA_BACK_FULL_BODY,AST_IMG_000045,CHAR_WEN_QINGYA,BODY_BACK,DEFAULT,DEFAULT,1,CURRENT,CHAR_WEN_QINGYA_BODY_BACK_DEFAULT_DEFAULT_V001.png,production/image_library/character_references/wen_qingya/CHAR_WEN_QINGYA_BODY_BACK_DEFAULT_DEFAULT_V001.png,4bf8cd68f62fa954c894a736468b5ec6fff253ada1445dba3a56541fc54bef9b,MIGRATED
CHAR_WEN_QINGYA_FRONT_FULL_BODY,AST_IMG_000046,CHAR_WEN_QINGYA,BODY_FRONT,DEFAULT,DEFAULT,1,CURRENT,CHAR_WEN_QINGYA_BODY_FRONT_DEFAULT_DEFAULT_V001.png,production/image_library/character_references/wen_qingya/CHAR_WEN_QINGYA_BODY_FRONT_DEFAULT_DEFAULT_V001.png,b30c8cf2a4c44652eff4c531e84f4e317eb1073aea833c73ecb7d6f5a5796c80,MIGRATED
CHAR_WEN_QINGYA_THREE_QUARTER_HALF_BODY,AST_IMG_000047,CHAR_WEN_QINGYA,FACE_3Q_LEFT,DEFAULT,DEFAULT,1,CURRENT,CHAR_WEN_QINGYA_FACE_3Q_LEFT_DEFAULT_DEFAULT_V001.png,production/image_library/character_references/wen_qingya/CHAR_WEN_QINGYA_FACE_3Q_LEFT_DEFAULT_DEFAULT_V001.png,fb1a64777052d2bf1506ab4bffe1f75dad433bd45f3caec3c25e13d115fb9c6d,MIGRATED
CHAR_WEN_QINGYA_FRONT_BUST_FACE_MASTER,AST_IMG_000048,CHAR_WEN_QINGYA,FACE_FRONT,DEFAULT,DEFAULT,1,CURRENT,CHAR_WEN_QINGYA_FACE_FRONT_DEFAULT_DEFAULT_V001.png,production/image_library/character_references/wen_qingya/CHAR_WEN_QINGYA_FACE_FRONT_DEFAULT_DEFAULT_V001.png,2e387afeea665b04568dc718f3b4dafa2e5c5ecd7d8385c779cd72ef40381d0b,MIGRATED
